{"cameraMode":{"drawMode":0,"name":"Shaded","section":"Shading Mode"},"sceneLighting":true,"audioPlay":false,"sceneViewState":{"showFog":true,"showMaterialUpdate":false,"showSkybox":false,"showFlares":true,"showImageEffects":true,"showParticleSystems":true},"in2DMode":false,"pivot":{"x":3.308669328689575,"y":-10.929835319519043,"z":127.86046600341797},"rotation":{"x":0.039299968630075458,"y":0.011984406970441342,"z":-0.0003708043950609863,"w":0.9992044568061829},"size":132.42929077148438,"orthographic":false}