{"cameraMode":{"drawMode":0,"name":"Shaded","section":"Shading Mode"},"sceneLighting":false,"audioPlay":false,"sceneViewState":{"showFog":true,"showMaterialUpdate":false,"showSkybox":false,"showFlares":true,"showImageEffects":true,"showParticleSystems":true},"in2DMode":false,"pivot":{"x":1.559999942779541,"y":100.58000183105469,"z":4.170000076293945},"rotation":{"x":0.35671761631965639,"y":0.5780966877937317,"z":-0.31013423204421999,"w":0.6651826500892639},"size":4.131591796875,"orthographic":false}