{"cameraMode":{"drawMode":0,"name":"Shaded","section":"Shading Mode"},"sceneLighting":false,"audioPlay":false,"sceneViewState":{"showFog":true,"showMaterialUpdate":false,"showSkybox":true,"showFlares":true,"showImageEffects":true,"showParticleSystems":true},"in2DMode":false,"pivot":{"x":0.8711087107658386,"y":100.85062408447266,"z":3.7087478637695314},"rotation":{"x":0.17894308269023896,"y":0.4162473678588867,"z":-0.08392446488142014,"w":0.887510359287262},"size":4.131591796875,"orthographic":false}