{"cameraMode":{"drawMode":0,"name":"Shaded","section":"Shading Mode"},"sceneLighting":false,"audioPlay":false,"sceneViewState":{"showFog":true,"showMaterialUpdate":false,"showSkybox":true,"showFlares":true,"showImageEffects":true,"showParticleSystems":true},"in2DMode":false,"pivot":{"x":-29.369848251342775,"y":-38.98496627807617,"z":6.188753128051758},"rotation":{"x":0.28842735290527346,"y":-0.6372472047805786,"z":0.27943187952041628,"w":0.6577564477920532},"size":67.79072570800781,"orthographic":false}