{"cameraMode":{"drawMode":0,"name":"Shaded","section":"Shading Mode"},"sceneLighting":false,"audioPlay":false,"sceneViewState":{"showFog":true,"showMaterialUpdate":false,"showSkybox":true,"showFlares":true,"showImageEffects":true,"showParticleSystems":true},"in2DMode":false,"pivot":{"x":0.21137702465057374,"y":0.38489973545074465,"z":-0.04635798931121826},"rotation":{"x":-0.07815026491880417,"y":-0.8935666680335999,"z":0.17137789726257325,"w":-0.407505601644516},"size":2.8578836917877199,"orthographic":false}