{"cameraMode":{"drawMode":0,"name":"Shaded","section":"Shading Mode"},"sceneLighting":false,"audioPlay":false,"sceneViewState":{"showFog":true,"showMaterialUpdate":false,"showSkybox":true,"showFlares":true,"showImageEffects":true,"showParticleSystems":true},"in2DMode":false,"pivot":{"x":12.026874542236329,"y":9.470502853393555,"z":-25.79059410095215},"rotation":{"x":0.005214642267674208,"y":0.9921960234642029,"z":-0.04446342960000038,"w":0.11637399345636368},"size":65.22322845458985,"orthographic":false}