{"cameraMode":{"drawMode":0,"name":"Shaded","section":"Shading Mode"},"sceneLighting":false,"audioPlay":false,"sceneViewState":{"showFog":true,"showMaterialUpdate":false,"showSkybox":true,"showFlares":true,"showImageEffects":true,"showParticleSystems":true},"in2DMode":false,"pivot":{"x":0.3900573253631592,"y":0.2396862804889679,"z":0.3093927204608917},"rotation":{"x":0.04489646106958389,"y":-0.8409103155136108,"z":0.07061318308115006,"w":0.5346661806106567},"size":0.8573684692382813,"orthographic":false}