{"cameraMode":{"drawMode":0,"name":"Shaded","section":"Shading Mode"},"sceneLighting":false,"audioPlay":false,"sceneViewState":{"showFog":true,"showMaterialUpdate":false,"showSkybox":false,"showFlares":true,"showImageEffects":true,"showParticleSystems":true},"in2DMode":false,"pivot":{"x":16.488710403442384,"y":-5.3537211418151859,"z":2.3150904178619386},"rotation":{"x":-0.11465085297822952,"y":-0.6444652676582336,"z":0.09863200783729553,"w":-0.7496228218078613},"size":22.0,"orthographic":false}