{"cameraMode":{"drawMode":0,"name":"Shaded","section":"Shading Mode"},"sceneLighting":false,"audioPlay":false,"sceneViewState":{"showFog":true,"showMaterialUpdate":false,"showSkybox":false,"showFlares":true,"showImageEffects":true,"showParticleSystems":true},"in2DMode":false,"pivot":{"x":1.2436742782592774,"y":100.62581634521485,"z":4.5325517654418949},"rotation":{"x":0.17839685082435609,"y":0.3599741756916046,"z":-0.07033317536115647,"w":0.9130434393882752},"size":4.131591796875,"orthographic":false}