{"cameraMode":{"drawMode":0,"name":"Shaded","section":"Shading Mode"},"sceneLighting":false,"audioPlay":false,"sceneViewState":{"showFog":true,"showMaterialUpdate":false,"showSkybox":false,"showFlares":true,"showImageEffects":true,"showParticleSystems":true},"in2DMode":false,"pivot":{"x":0.2770965099334717,"y":1.3011188507080079,"z":0.2648952007293701},"rotation":{"x":0.2356494814157486,"y":-0.10998092591762543,"z":0.026851600036025049,"w":0.9652230143547058},"size":5.03159236907959,"orthographic":false}