{"cameraMode":{"drawMode":0,"name":"Shaded","section":"Shading Mode"},"sceneLighting":false,"audioPlay":false,"sceneViewState":{"showFog":true,"showMaterialUpdate":false,"showSkybox":true,"showFlares":true,"showImageEffects":true,"showParticleSystems":true},"in2DMode":false,"pivot":{"x":-4.42651891708374,"y":-2.460007429122925,"z":-2.7854912281036379},"rotation":{"x":-0.1319076418876648,"y":0.8375070095062256,"z":-0.23159001767635346,"w":-0.47702038288116457},"size":7.7391862869262699,"orthographic":false}